index,ln_ches,pi_logratio,dpo_surrogate_loss,len_w,len_l
0,112.8135986328125,-1.9375,2.0720865726470947,22,23
1,-148.8779296875,187.25,-0.0,44,56
2,-224.5576171875,511.4921875,-0.0,26,53
3,-256.177490234375,32.9453125,4.920764215207447e-15,24,26
4,-116.572509765625,201.7734375,-0.0,28,40
5,-119.1552734375,1185.388671875,-0.0,397,450
6,-53.70263671875,-207.69921875,207.69921875,68,60
7,-47.97705078125,-213.6328125,213.6328125,40,26
8,-110.791015625,294.828125,-0.0,30,43
9,-96.85107421875,-9.589843034744263,9.589911460876465,466,448
10,-221.839599609375,69.265625,8.285549044200307e-31,38,39
11,-212.128662109375,132.5390625,-0.0,23,33
12,61.499755859375,-34.78125,34.78125,36,35
13,23.83251953125,114.41015625,-0.0,483,496
14,-563.2288818359375,5299.28125,-0.0,51,360
15,-88.10986328125,-278.19182443618774,278.19183349609375,409,387
16,-227.418701171875,527.02734375,-0.0,37,69
17,-130.8782958984375,408.3983955383301,-0.0,356,350
18,-6.14306640625,-10.1328125,10.132852554321289,23,22
19,-92.309814453125,-369.3984375,369.3984375,48,22
20,-49.080810546875,-1.5703125,1.759262204170227,31,30
21,-142.436279296875,24.25,2.940077695190446e-11,41,41
22,-111.455810546875,75.4765625,1.6632034672296006e-33,28,34
23,-56.5302734375,-297.078125,297.078125,59,41
24,53.9189453125,-307.25,307.25,53,38
25,24.0211181640625,-228.43165254592896,228.43165588378906,488,482
26,-34.794677734375,90.046875,7.818797015423895e-40,35,38
27,-9.57080078125,-148.5234375,148.5234375,50,38
28,-541.83203125,427.0625,-0.0,33,55
29,-172.701416015625,139.7109375,-0.0,40,45
30,18.2451171875,-324.4140625,324.4140625,54,35
31,-18.2978515625,-92.046875,92.046875,32,24
32,-179.765380859375,27.0,1.8795288676126676e-12,27,27
33,-38.147705078125,-32.4296875,32.4296875,26,24
34,-73.26806640625,133.515625,-0.0,29,37
35,-69.930419921875,-80.4453125,80.4453125,43,35
36,-74.530517578125,-749.3969506025314,500.0,303,251
37,-94.867919921875,60.6796875,4.437583718297229e-27,46,52
38,-22.902587890625,-135.7109375,135.7109375,39,30
39,66.265625,-175.03125,175.03125,41,28
40,-119.4111328125,-131.140625,131.140625,40,31
41,-171.767333984375,372.6953125,-0.0,32,55
42,-332.073974609375,170.1796875,-0.0,20,29
43,-66.527099609375,1538.1242104768753,-0.0,344,417
44,-108.7841796875,174.79296875,-0.0,461,447
45,35.150146484375,-179.2734375,179.2734375,33,21
46,-104.9481201171875,-350.81060791015625,350.81060791015625,456,449
47,-101.97607421875,-2611.35546875,500.0,420,264
48,-18.023193359375,-133.6796875,133.6796875,36,30
49,-394.4853515625,844.33203125,-0.0,460,464
50,-58.67626953125,-305.90625,305.90625,393,394
51,12.332763671875,-21.44140625,21.44140625,35,33
52,-28.904296875,-252.703125,252.703125,45,31
53,-83.219970703125,38.2890625,2.351101741632126e-17,30,30
54,-39.3828125,-83.1015625,83.1015625,35,30
55,-329.6416015625,342.125,-0.0,32,52
56,-101.822998046875,-8.2578125,8.258071899414062,31,31
57,-18.48974609375,-184.25,184.25,36,27
58,-200.205078125,-23.2578125,23.2578125,38,38
59,-14.957275390625,-322.6328125,322.6328125,50,30
60,-21.450439453125,106.623046875,-0.0,55,64
61,-147.3798828125,-830.80859375,500.0,155,101
62,-267.23046875,37.3125,6.242910753950011e-17,33,34
63,117.733642578125,-187.828125,187.828125,56,52
64,7.801513671875,35.875,2.6283636170603873e-16,35,37
65,5.338623046875,-69.1171875,69.1171875,31,26
66,-23.660888671875,-46.703125,46.703125,35,32
67,-113.29345703125,86.19140625,3.6944337180906634e-38,23,27
68,-183.7314453125,21.203125,6.188705103937764e-10,32,32
69,-64.0849609375,-33.6015625,33.6015625,34,34
70,-254.590576171875,172.6328125,-0.0,17,27
71,-322.03076171875,-320.15625,320.15625,70,45
72,-120.737060546875,76.2265625,7.85641741207572e-34,34,38
73,-28.21142578125,22.1875,2.3125502901510941e-10,54,53
74,-162.512939453125,-187.41796875,187.41796875,33,25
75,-554.2193603515625,100.078125,3.363116314379561e-44,41,46
76,-93.83154296875,-230.859375,230.859375,33,19
77,-130.2978515625,256.0234375,-0.0,30,47
78,-128.648193359375,-211.796875,211.796875,39,26
79,-589.114013671875,67.4921875,4.8810738417894724e-30,25,29
80,-47.666748046875,50.7890625,8.761741128036632e-23,31,36
81,-129.88720703125,115.4375,-0.0,33,37
82,-173.430419921875,269.52734375,-0.0,22,39
83,15.931884765625,-476.3984375,476.3984375,51,29
84,-261.787841796875,368.3828125,-0.0,25,45
85,-89.87841796875,-157.69921875,157.69921875,455,450
86,-122.1796875,-30.484375,30.484375,21,19
87,-397.174072265625,757.4140625,-0.0,32,74
88,-70.890869140625,-80.96875,80.96875,27,22
89,-16.35107421875,-348.328125,348.328125,51,28
90,-213.564697265625,50.7578125,9.039868870757318e-23,29,31
91,-50.381591796875,-83.875,83.875,31,27
92,-13.845947265625,2373.19140625,-0.0,156,317
93,-47.6923828125,-86.5390625,86.5390625,29,25
94,-338.787353515625,278.53906548023224,-0.0,24,41
95,-167.190673828125,330.53125,-0.0,32,54
96,-195.821533203125,201.1640625,-0.0,34,45
97,-48.4453125,-34.8125,34.8125,28,26
98,-100.835693359375,-28.09375,28.09375,49,46
99,-254.19091796875,32.015625953674316,1.2467826081177368e-14,36,42
100,-99.363525390625,-322.94140625,322.94140625,44,23
101,24.570556640625,-227.89453125,227.89453125,44,33
102,-3.2730712890625,-64.24609375,64.24609375,315,327
103,-144.98681640625,-38.78125,38.78125,32,29
104,-153.034912109375,244.953125,-0.0,26,42
105,-130.039306640625,113.65234375,-0.0,29,36
106,-123.01220703125,95.8359375,2.3934177770667876e-42,36,43
107,-125.3427734375,13.9453125,8.782689633335394e-07,59,58
108,-67.964599609375,-8.8515625,8.851705551147461,48,47
109,-268.614013671875,349.390625,-0.0,32,52
110,44.94775390625,-254.5078125,254.5078125,55,41
111,-326.864013671875,273.03125,-0.0,20,37
112,-365.921630859375,366.90234375,-0.0,24,44
113,-22.72119140625,934.02734375,-0.0,361,415
114,-59.926025390625,-44.9296875,44.9296875,27,24
115,-213.747802734375,83.7890625,4.081995430627941e-37,33,35
116,-227.221923828125,-87.125,87.125,48,44
117,-155.269775390625,-32.21875,32.21875,29,29
118,-112.882568359375,170.18856811523438,-0.0,438,448
119,-2.894775390625,-142.83203125,142.83203125,42,36
120,-85.383056640625,-961.8906248807907,500.0,380,323
121,-0.2939453125,-277.109375,277.109375,46,30
122,-838.228271484375,-5664.2998046875,500.0,421,35
123,41.988525390625,-137.6953125,137.6953125,31,24
124,-151.787841796875,-428.13671875,428.13671875,430,426
125,-153.9853515625,214.75,-0.0,25,37
126,-226.26171875,180.5859375,-0.0,25,36
127,-53.452880859375,50.0390625,1.8548606371319244e-22,22,25
128,-161.140625,102.828125,2.802596928649634e-45,23,31
129,-260.98193359375,-0.5703125,1.0184211730957031,35,35
130,-102.474853515625,-31.8671875,31.8671875,33,33
131,-111.333740234375,-45.59375,45.59375,33,29
132,49.3427734375,-121.3359375,121.3359375,26,20
133,-147.715576171875,-141.0859375,141.0859375,59,48
134,-7.9736328125,-274.3203125,274.3203125,37,21
135,-87.3836669921875,821.09765625,-0.0,397,444
136,-170.880126953125,134.609375,-0.0,31,37
137,-75.703369140625,996.8125,-0.0,396,458
138,-286.82421875,135.1171875,-0.0,27,35
139,-436.239501953125,3655.16015625,-0.0,62,294
140,-96.73095703125,145.2890625,-0.0,33,38
141,10.22265625,-192.34765625,192.34765625,32,19
142,-402.93310546875,392.7109375,-0.0,22,43
143,95.244140625,-606.328125,500.0,351,330
144,-116.999267578125,105.5703125,-0.0,32,39
145,-234.320068359375,316.625,-0.0,28,46
146,-80.1025390625,-174.7109375,174.7109375,49,35
147,-247.482666015625,-161.19140625,161.19140625,33,21
148,-197.39599609375,90.25,6.381513206535217e-40,23,32
149,22.907470703125,-34.015625,34.015625,65,62
150,-174.565185546875,-270.7578125,270.7578125,65,51
151,-198.406494140625,-386.0625,386.0625,43,28
152,-112.230224609375,-134.5078125,134.5078125,38,32
153,4.478515625,-353.84375,353.84375,43,22
154,3.76953125,-51.984375,51.984375,31,27
155,-177.755859375,-162.4921875,162.4921875,48,37
156,-87.74658203125,-65.4921875,65.4921875,40,38
157,-384.552490234375,162.421875,-0.0,22,30
158,-550.45751953125,-134.0546875,134.0546875,35,34
159,45.376220703125,-14.9765625,14.9765625,44,43
160,-621.15185546875,20.5234375,1.2211931466055148e-09,40,39
161,-90.1201171875,-154.1484375,154.1484375,46,37
162,-381.31787109375,-924.837890625,500.0,298,215
163,-331.946533203125,103.9921875,-0.0,29,29
164,-331.9815673828125,-378.16015625,378.16015625,376,333
165,-226.671875,-2.546875,2.6222848892211914,30,31
166,-69.913330078125,127.09375,-0.0,45,51
167,-184.5640869140625,-61.359375,61.359375,46,37
168,-309.659912109375,-37.15625,37.15625,31,24
169,-193.922119140625,223.765625,-0.0,24,38
170,-193.44189453125,-66.5234375,66.5234375,29,25
171,-97.765625,1516.10546875,-0.0,228,310
172,-263.4228515625,75.3203125,1.944481816637104e-33,19,24
173,-186.17919921875,304.9609375,-0.0,32,49
174,20.931396484375,-206.4921875,206.4921875,31,20
175,-14.477783203125,-32.8046875,32.8046875,27,23
176,-146.963623046875,356.34765625,-0.0,27,51
177,29.7342529296875,-139.43335282802582,139.433349609375,337,336
178,-353.92333984375,11.6171875,9.0098510554526e-06,35,33
179,-153.9423828125,-72.8828125,72.8828125,34,27
180,-31.130859375,-399.66015625,399.66015625,51,29
181,-12.7978515625,112.953125,-0.0,24,31
182,-21.612060546875,-117.0078125,117.0078125,31,27
183,-103.4365234375,167.1484375,-0.0,23,34
184,-46.168701171875,-20.8984375,20.8984375,35,33
185,-14.46044921875,-39.734375,39.734375,31,32
186,-165.538818359375,11.078125,1.5446428733412176e-05,33,36
187,4.796142578125,-3.14453125,3.186715841293335,103,101
188,-86.658935546875,410.16796875,-0.0,432,436
189,-51.823974609375,61.671875,1.6452996107026607e-27,43,46
190,20.408447265625,-140.15625,140.15625,36,30
191,-19.6864013671875,21.42958092689514,4.934593289540601e-10,465,456
192,-107.073974609375,99.078125,9.528829557408756e-44,24,31
193,25.04541015625,-125.125,125.125,36,29
194,-101.75537109375,-1357.48828125,500.0,383,305
195,-2.188232421875,-2156.5625,500.0,328,243
196,-25.205810546875,1.0625,0.2968331575393677,30,30
197,-216.06298828125,83.296875,6.677698824603048e-37,22,25
198,20.114013671875,-155.125,155.125,31,20
199,-175.5185546875,8.30859375,0.00024635993759147823,504,497
200,-42.262451171875,-350.72265625,350.72265625,48,25
201,-286.095458984375,19.1875,4.6448813684207835e-09,30,30
202,-21.48583984375,-229.1875,229.1875,48,34
203,-358.015625,138.921875,-0.0,32,39
204,8.281982421875,-425.7734375,425.7734375,50,27
205,36.12841796875,-273.2731194496155,273.27313232421875,445,450
206,-53.1409912109375,-232.53125,232.53125,50,36
207,-476.9658203125,101.5078125,8.407790785948902e-45,33,40
208,11.0250244140625,-266.390625,266.390625,37,22
209,-112.31982421875,-1338.51171875,500.0,455,360
210,-187.639892578125,158.7265625,-0.0,20,32
211,-15.44384765625,-240.3828125,240.3828125,38,25
212,-200.4034423828125,-4645.140625,500.0,295,18
213,-60.78173828125,-352.0,352.0,51,30
214,-31.617919921875,-1098.1640625,500.0,394,326
215,-198.13720703125,22.859375,1.1811350508761365e-10,24,27
216,-283.768798828125,73.6171875,1.0677306123370666e-32,25,28
217,-278.134765625,157.421875,-0.0,33,44
218,-25.099609375,139.109375,-0.0,30,41
219,-133.853759765625,-14.34375,14.343750953674316,32,30
220,-252.702880859375,644.86328125,-0.0,348,364
221,-142.14208984375,-54.3671875,54.3671875,29,26
222,-53.60498046875,10.8359375,1.967922071344219e-05,24,25
223,-81.59375,-148.9765625,148.9765625,30,19
224,94.815673828125,-2282.498046875,500.0,250,120
225,-23.646728515625,-225.8671875,225.8671875,40,26
226,-187.6279296875,42.65625,2.982812771878335e-19,30,33
227,-104.62109375,-271.6015625,271.6015625,38,21
228,-145.265380859375,59.93359375,9.357739228667812e-27,31,36
229,-295.750244140625,652.95703125,-0.0,35,75
230,-216.124755859375,447.0234375,-0.0,29,50
231,-121.169921875,-20.0703125,20.0703125,26,24
232,7.352783203125,-232.4609375,232.4609375,45,29
233,-23.42724609375,-25.203125,25.203125,27,25
234,-174.769287109375,377.6484375,-0.0,479,482
235,2.72216796875,-6074.838366508484,500.0,475,145
236,-12.156982421875,-196.71875,196.71875,34,24
237,44.57470703125,-152.01171875,152.01171875,50,48
238,-3.55859375,-45.2890625,45.2890625,43,39
239,-521.310791015625,137.28125,-0.0,19,27
240,-172.292724609375,155.2734375,-0.0,28,36
241,9.063232421875,-27.359375,27.359375,27,28
242,-77.718994140625,48.8203125,6.27491266013512e-22,23,25
243,-225.887939453125,-167.3671875,167.3671875,31,19
244,-207.048095703125,-113.2265625,113.2265625,36,28
245,-84.850341796875,-80.55859375,80.55859375,42,38
246,-75.50537109375,-172.8203125,172.8203125,41,27
247,-112.496337890625,78.015625,1.3129390277921835e-34,26,31
248,-21.249267578125,-76.4921875,76.4921875,35,29
249,-118.791748046875,103.8203125,-0.0,29,39
250,23.29248046875,-136.1328125,136.1328125,43,37
251,-196.877197265625,1663.17578125,-0.0,323,385
252,4.681640625,-200.8828125,200.8828125,40,31
253,-138.95556640625,-27.296875,27.296875,40,38
254,34.152099609375,-802.078125,500.0,432,393
255,-301.87841796875,281.171875,-0.0,25,41
256,-127.76171875,-43.7890625,43.7890625,27,24
257,-307.341064453125,425.3203125,-0.0,93,115
258,-134.214111328125,406.97265625,-0.0,430,435
259,-324.150146484375,294.2421875,-0.0,19,38
260,-70.071533203125,136.5390625,-0.0,31,40
261,-18.6259765625,-43.75,43.75,29,28
262,-117.203125,189.93359375,-0.0,38,48
263,-89.070068359375,32.4453125,8.112968813195256e-15,56,56
264,-353.38232421875,71.7578125,6.854535017801643e-32,34,37
265,40.4560546875,-115.796875,115.796875,26,20
266,-443.01220703125,277.5078125,-0.0,35,52
267,-113.055419921875,-1316.77734375,500.0,418,345
268,26.176025390625,-284.34375,284.34375,33,15
269,-287.0390625,659.53515625,-0.0,35,73
270,-197.4189453125,-48.8203125,48.8203125,27,22
271,-256.3203125,206.765625,-0.0,29,43
272,-15.305908203125,-645.6953125,500.0,59,20
273,-23.322998046875,49.2734375,3.98857716715449e-22,348,356
274,-21.3974609375,-14.078125,14.078125953674316,23,22
275,-228.659912109375,178.234375,-0.0,29,40
276,-310.823974609375,129.078125,-0.0,23,30
277,-277.326416015625,-184.640625,184.640625,45,36
278,-81.822509765625,20.5625,1.1744099026600452e-09,26,27
279,-161.629638671875,92.4296875,7.216126571887078e-41,36,39
280,-102.3057861328125,-1529.275390625,500.0,311,229
281,-207.910400390625,12.46875,3.844942511932459e-06,31,30
282,-65.24072265625,-283.5078125,283.5078125,36,20
283,11.356689453125,-38.1171875,38.1171875,22,20
284,-44.976806640625,-16.015625,16.015625,36,39
285,-222.12646484375,182.1171875,-0.0,29,39
286,-117.6572265625,-175.66796875,175.66796875,41,29
287,-143.05029296875,184.7578125,-0.0,39,51
288,-55.442626953125,-598.0234375,500.0,446,411
289,-329.992431640625,74.8125,3.231053036772405e-33,28,29
290,-73.7470703125,113.2734375,-0.0,39,45
291,50.6015625,-21.203125,21.203125,506,497
292,138.576416015625,-388.97265625,388.97265625,50,26
293,-621.43994140625,432.54296875,-0.0,30,55
294,-141.7607421875,369.9453125,-0.0,33,58
295,-119.6058349609375,1288.578125,-0.0,38,114
296,-367.6298828125,1239.83203125,-0.0,425,475
297,-81.2491455078125,59.35546875,1.6681973769974694e-26,71,71
298,-221.3782958984375,418.83984375,-0.0,494,496
299,-120.05224609375,-35.8046875,35.8046875,32,26
300,-300.619384765625,-45.0078125,45.0078125,33,33
301,-44.96923828125,-290.4921875,290.4921875,53,31
302,62.514404296875,1391.1328125,-0.0,376,482
303,-111.0791015625,164.37890625,-0.0,24,34
304,21.61279296875,-75.0234375,75.0234375,30,24
305,-88.119384765625,-16.44140625,16.44140625,92,93
306,-114.360107421875,-37.0078125,37.0078125,36,35
307,8.85546875,-218.7890625,218.7890625,35,24
308,-177.791259765625,138.140625,-0.0,28,33
309,-74.777587890625,-57.484375,57.484375,31,28
310,-257.479248046875,92.1484375,9.559658123623902e-41,23,29
311,-66.146240234375,42.515625,3.4331965887890903e-19,47,48
312,-128.1708984375,-67.9296875,67.9296875,45,43
313,-215.501708984375,96.4921875,1.241550439391788e-42,20,25
314,-219.70703125,-36.3515625,36.3515625,29,26
315,-123.2301025390625,-177.359375,177.359375,48,42
316,-45.42041015625,-794.06640625,500.0,482,452
317,46.912841796875,-20.2421875,20.2421875,24,23
318,-203.73486328125,-2873.72705078125,500.0,236,57
319,-132.89892578125,-274.3984400033951,274.3984375,58,38
320,-206.64990234375,90.72265625,3.977893976648145e-40,19,25
321,-129.292724609375,-170.69140601158142,170.69140625,56,45
322,-200.795166015625,56.328125,3.443547949422405e-25,20,23
323,-48.527587890625,83.15625,7.685984413260486e-37,24,32
324,-147.125244140625,188.359375,-0.0,27,37
325,23.93994140625,242.552734375,-0.0,459,480
326,-76.2333984375,93.375,2.803717967421094e-41,23,29
327,-383.09033203125,440.40625,-0.0,29,54
328,-277.75537109375,220.921875,-0.0,35,50
329,-41.879638671875,-396.140625,396.140625,67,45
330,70.00390625,-313.296875,313.296875,36,20
331,-103.072998046875,-134.390625,134.390625,47,40
332,-29.406494140625,-38.24609375,38.24609375,29,25
333,-241.83544921875,96.3125,1.485376372184306e-42,31,36
334,-49.89404296875,19.7890625,2.545184951685542e-09,33,33
335,-31.53515625,-168.30859375,168.30859375,36,29
336,12.137451171875,-54.453125,54.453125,29,27
337,-231.574951171875,29.46875,1.5917852431122925e-13,20,24
338,-286.83349609375,38.4765625,1.9491318340368796e-17,33,31
339,53.092529296875,-94.421875,94.421875,36,31
340,106.543212890625,-714.4921875,500.0,77,35
341,47.044921875,-287.4140625,287.4140625,109,85
342,-39.9248046875,8.1875,0.00027806960861198604,32,32
343,-205.9306640625,183.9765625,-0.0,20,31
344,-321.56689453125,110.9296875,-0.0,21,27
345,-32.847412109375,-528.41455078125,500.0,474,457
346,-373.39990234375,194.75,-0.0,30,39
347,-196.619384765625,15.34375,2.16917200646094e-07,24,24
348,-28.001708984375,-3301.72265625,500.0,481,288
349,-64.013427734375,-267.21484375,267.21484375,459,453
350,-243.66357421875,114.1640625,-0.0,21,30
351,109.40869140625,-398.2890625,398.2890625,41,21
352,12.08984375,-1480.6757807731628,500.0,466,366
353,4.412841796875,3.3984375,0.032878972589969635,27,27
354,-203.712890625,-74.3046875,74.3046875,43,40
355,-60.211669921875,58.9140625,2.5938674091528085e-26,38,41
356,-132.40380859375,-7519.171875,500.0,478,39
357,-21.072998046875,18.8828125,6.299393451314472e-09,29,30
358,-19.365966796875,-255.984375,255.984375,44,29
359,-109.865234375,-307.921875,307.921875,51,32
360,-341.978515625,175.60546875,-0.0,35,48
361,-205.483154296875,-70.8359375,70.8359375,30,27
362,-5.432373046875,-230.953125,230.953125,45,34
363,132.10693359375,-551.2243843078613,500.0,457,451
364,-26.704345703125,85.59375,6.715938129720806e-38,26,32
365,-41.785888671875,-304.3828125,304.3828125,49,34
366,-413.841796875,4340.3828125,-0.0,43,317
367,-187.171630859375,53.7109375,4.716678238406952e-24,23,24
368,-176.93798828125,21.4921875,4.6351261717703096e-10,34,34
369,-343.600341796875,100.453125,2.2420775429197073e-44,29,37
